{
  "description": "Best-Fixed baseline: trino+iceberg with one fixed conf for all queries",
  "combo": "trino/iceberg",
  "conf": "memory.heap-headroom-per-node=16; node-scheduler.max-splits-per-node=200; query.max-memory=28; query.max-memory-per-node=16; query.max-total-memory-per-node=12; task.concurrency=12; task.max-worker-threads=24",
  "results": {
    "tpcds_sf1": {
      "target": 1.35,
      "achieved": 1.3415329923694248
    },
    "tpch_sf1": {
      "target": 1.23,
      "achieved": 1.228816216743451
    },
    "ssb_sf1": {
      "target": 1.13,
      "achieved": 1.1334106973532525
    },
    "ssb_flat_sf1": {
      "target": 1.24,
      "achieved": 1.2432909248207629
    },
    "tpcds_sf10": {
      "target": 2.14,
      "achieved": 2.14030539463698
    },
    "tpch_sf10": {
      "target": 1.91,
      "achieved": 1.9105953687674884
    },
    "ssb_sf10": {
      "target": 1.87,
      "achieved": 1.8726503760830175
    },
    "ssb_flat_sf10": {
      "target": 1.66,
      "achieved": 1.661460476627916
    },
    "job_sf10": {
      "target": 2.26,
      "achieved": 2.258675452582064
    },
    "tpcds_sf100": {
      "target": 2.84,
      "achieved": 2.836322617087679
    },
    "tpch_sf100": {
      "target": 1.53,
      "achieved": 1.5331416751130307
    },
    "ssb_sf100": {
      "target": 1.73,
      "achieved": 1.7288866668557619
    },
    "ssb_flat_sf100": {
      "target": 1.42,
      "achieved": 1.4168714225160879
    }
  }
}